乐迷频道,http://live.g3proxy.lecloud.com/gslb?stream_id=lb_lm_1300&tag=live&ext=m3u8&sign=live_tv&platid=10&splatid=1009&format=letv&expect=1
乐视垫播,http://live.g3proxy.lecloud.com/gslb?stream_id=lb_backup_1000&tag=live&ext=m3u8&sign=live_tv&platid=10&splatid=1009&format=letv&expect=1
科教纪录片,http://live.g3proxy.lecloud.com/gslb?stream_id=lb_jilu_1300&tag=live&ext=m3u8&sign=live_tv&platid=10&splatid=1009&format=letv&expect=1
唐卡,http://live.g3proxy.lecloud.com/gslb?stream_id=lb_lb_tangka_1300&tag=live&ext=m3u8&sign=live_tv&platid=10&splatid=1009&format=letv&expect=1
文化遗产,http://live.g3proxy.lecloud.com/gslb?stream_id=lb_lb_whyc_1300&tag=live&ext=m3u8&sign=live_tv&platid=10&splatid=1009&format=letv&expect=1
美克家居 A.R.T★,http://live.g3proxy.lecloud.com/gslb?stream_id=lb_mkmj_1300&tag=live&ext=m3u8&sign=live_tv&platid=10&splatid=1009&format=letv&expect=1
乐视生态,http://live.g3proxy.lecloud.com/gslb?stream_id=lb_lsst_1300&tag=live&ext=m3u8&sign=live_tv&platid=10&splatid=1009&format=letv&expect=1
动物世界,http://live.g3proxy.lecloud.com/gslb?stream_id=lb_dwsj_1300&tag=live&ext=m3u8&sign=live_tv&platid=10&splatid=1009&format=letv&expect=1
综合,http://live.g3proxy.lecloud.com/gslb?stream_id=lb_zonghe_1300&tag=live&ext=m3u8&sign=live_tv&platid=10&splatid=1009&format=letv&expect=1
综艺,http://live.g3proxy.lecloud.com/gslb?stream_id=lb_ent_1300&tag=live&ext=m3u8&sign=live_tv&platid=10&splatid=1009&format=letv&expect=1
党建,http://live.g3proxy.lecloud.com/gslb?stream_id=lb_dangjian_1300&tag=live&ext=m3u8&sign=live_tv&platid=10&splatid=1009&format=letv&expect=1
电影,http://live.g3proxy.lecloud.com/gslb?stream_id=lb_movie_1300&tag=live&ext=m3u8&sign=live_tv&platid=10&splatid=1009&format=letv&expect=1
电视剧,http://live.g3proxy.lecloud.com/gslb?stream_id=lb_tv_1300&tag=live&ext=m3u8&sign=live_tv&platid=10&splatid=1009&format=letv&expect=1
1080P,http://live.g3proxy.lecloud.com/gslb?stream_id=lb_1080P_1080p3m&tag=live&ext=m3u8&sign=live_tv&platid=10&splatid=1009&format=letv&expect=1
乐视动作电影,http://live.g3proxy.lecloud.com/gslb?stream_id=lb_dzdy_1300&tag=live&ext=m3u8&sign=live_tv&platid=10&splatid=1009&format=letv&expect=1
香港电影,http://live.g3proxy.lecloud.com/gslb?stream_id=lb_hkmovie_1300&tag=live&ext=m3u8&sign=live_tv&platid=10&splatid=1009&format=letv&expect=1
喜剧电影,http://live.g3proxy.lecloud.com/gslb?stream_id=lb_comedy_1300&tag=live&ext=m3u8&sign=live_tv&platid=10&splatid=1009&format=letv&expect=1
自制剧,http://live.g3proxy.lecloud.com/gslb?stream_id=lb_make_1300&tag=live&ext=m3u8&sign=live_tv&platid=10&splatid=1009&format=letv&expect=1
韩剧,http://live.g3proxy.lecloud.com/gslb?stream_id=lb_koreatv_1300&tag=live&ext=m3u8&sign=live_tv&platid=10&splatid=1009&format=letv&expect=1
跟播,http://live.g3proxy.lecloud.com/gslb?stream_id=lb_genbo_1300&tag=live&ext=m3u8&sign=live_tv&platid=10&splatid=1009&format=letv&expect=1
4K,http://live.g3proxy.lecloud.com/gslb?stream_id=lb_4k&tag=live&ext=m3u8&sign=live_tv&platid=10&splatid=1009&format=letv&expect=1
芈月传,http://live.g3proxy.lecloud.com/gslb?stream_id=lb_myz_1300&tag=live&ext=m3u8&sign=live_tv&platid=10&splatid=1009&format=letv&expect=1
北平无战事,http://live.g3proxy.lecloud.com/gslb?stream_id=lb_bpwzs_1300&tag=live&ext=m3u8&sign=live_tv&platid=10&splatid=1009&format=letv&expect=1
公开课,http://live.g3proxy.lecloud.com/gslb?stream_id=lb_gkk_1300&tag=live&ext=m3u8&sign=live_tv&platid=10&splatid=1009&format=letv&expect=1
我是歌手NEW,http://live.g3proxy.lecloud.com/gslb?stream_id=lb_imsinger_1300&tag=live&ext=m3u8&sign=live_tv&platid=10&splatid=1009&format=letv&expect=1
出彩中国人,http://live.g3proxy.lecloud.com/gslb?stream_id=lb_cczgr_1300&tag=live&ext=m3u8&sign=live_tv&platid=10&splatid=1009&format=letv&expect=1
笑傲江湖,http://live.g3proxy.lecloud.com/gslb?stream_id=lb_xajh_1300&tag=live&ext=m3u8&sign=live_tv&platid=10&splatid=1009&format=letv&expect=1
我看你有戏,http://live.g3proxy.lecloud.com/gslb?stream_id=lb_bbhll_1300&tag=live&ext=m3u8&sign=live_tv&platid=10&splatid=1009&format=letv&expect=1
欢乐喜剧人,http://live.g3proxy.lecloud.com/gslb?stream_id=lb_hlxjr_1300&tag=live&ext=m3u8&sign=live_tv&platid=10&splatid=1009&format=letv&expect=1
舌尖上的中国,http://live.g3proxy.lecloud.com/gslb?stream_id=lb_sjsdzg_1300&tag=live&ext=m3u8&sign=live_tv&platid=10&splatid=1009&format=letv&expect=1
黄段子,http://live.g3proxy.lecloud.com/gslb?stream_id=lb_hdz_1300&tag=live&ext=m3u8&sign=live_tv&platid=10&splatid=1009&format=letv&expect=1
完美游戏,http://live.g3proxy.lecloud.com/gslb?stream_id=lb_wmyx_1300&tag=live&ext=m3u8&sign=live_tv&platid=10&splatid=1009&format=letv&expect=1
电影片花,http://live.g3proxy.lecloud.com/gslb?stream_id=lb_trailer_1300&tag=live&ext=m3u8&sign=live_tv&platid=10&splatid=1009&format=letv&expect=1
周星驰影视,http://live.g3proxy.lecloud.com/gslb?stream_id=lb_zxc_1300&tag=live&ext=m3u8&sign=live_tv&platid=10&splatid=1009&format=letv&expect=1
成龙影视,http://live.g3proxy.lecloud.com/gslb?stream_id=lb_cl_1300&tag=live&ext=m3u8&sign=live_tv&platid=10&splatid=1009&format=letv&expect=1
甄执,http://live.g3proxy.lecloud.com/gslb?stream_id=lb_zhenhuan_1300&tag=live&ext=m3u8&sign=live_tv&platid=10&splatid=1009&format=letv&expect=1
纸牌屋,http://live.g3proxy.lecloud.com/gslb?stream_id=lb_zpw_1300&tag=live&ext=m3u8&sign=live_tv&platid=10&splatid=1009&format=letv&expect=1
反法西斯,http://live.g3proxy.lecloud.com/gslb?stream_id=lb_ffxs_1300&tag=live&ext=m3u8&sign=live_tv&platid=10&splatid=1009&format=letv&expect=1
红高粱,http://live.g3proxy.lecloud.com/gslb?stream_id=lb_hgl_1300&tag=live&ext=m3u8&sign=live_tv&platid=10&splatid=1009&format=letv&expect=1
北京傲客,http://live.g3proxy.lecloud.com/gslb?stream_id=lb_bjak_1300&tag=live&ext=m3u8&sign=live_tv&platid=10&splatid=1009&format=letv&expect=1
和平的全盛时代,http://live.g3proxy.lecloud.com/gslb?stream_id=lb_hpdqssd_1300&tag=live&ext=m3u8&sign=live_tv&platid=10&splatid=1009&format=letv&expect=1
少年四大名捕,http://live.g3proxy.lecloud.com/gslb?stream_id=lb_snsdmb_1300&tag=live&ext=m3u8&sign=live_tv&platid=10&splatid=1009&format=letv&expect=1
鹿鼎记,http://live.g3proxy.lecloud.com/gslb?stream_id=lb_ldj_1300&tag=live&ext=m3u8&sign=live_tv&platid=10&splatid=1009&format=letv&expect=1
还珠格格,http://live.g3proxy.lecloud.com/gslb?stream_id=lb_hzgg_1300&tag=live&ext=m3u8&sign=live_tv&platid=10&splatid=1009&format=letv&expect=1
裸婚时代,http://live.g3proxy.lecloud.com/gslb?stream_id=lb_lhsd_1300&tag=live&ext=m3u8&sign=live_tv&platid=10&splatid=1009&format=letv&expect=1
步步惊心,http://live.g3proxy.lecloud.com/gslb?stream_id=lb_bbjx_1300&tag=live&ext=m3u8&sign=live_tv&platid=10&splatid=1009&format=letv&expect=1
亮剑,http://live.g3proxy.lecloud.com/gslb?stream_id=lb_liangjian_1300&tag=live&ext=m3u8&sign=live_tv&platid=10&splatid=1009&format=letv&expect=1
士兵突击,http://live.g3proxy.lecloud.com/gslb?stream_id=lb_sbtj_1300&tag=live&ext=m3u8&sign=live_tv&platid=10&splatid=1009&format=letv&expect=1
西游记,http://live.g3proxy.lecloud.com/gslb?stream_id=lb_xyj_1300&tag=live&ext=m3u8&sign=live_tv&platid=10&splatid=1009&format=letv&expect=1
包青天,http://live.g3proxy.lecloud.com/gslb?stream_id=lb_bqt_1300&tag=live&ext=m3u8&sign=live_tv&platid=10&splatid=1009&format=letv&expect=1
满仓进城,http://live.g3proxy.lecloud.com/gslb?stream_id=lb_mcjc_1300&tag=live&ext=m3u8&sign=live_tv&platid=10&splatid=1009&format=letv&expect=1
因为爱情有奇迹,http://live.g3proxy.lecloud.com/gslb?stream_id=lb_ywaqyqj_1300&tag=live&ext=m3u8&sign=live_tv&platid=10&splatid=1009&format=letv&expect=1
北平无战事,http://live.g3proxy.lecloud.com/gslb?stream_id=lb_bpwzs_1300&tag=live&ext=m3u8&sign=live_tv&platid=10&splatid=1009&format=letv&expect=1
武林外传,http://live.g3proxy.lecloud.com/gslb?stream_id=lb_wlwz_1300&tag=live&ext=m3u8&sign=live_tv&platid=10&splatid=1009&format=letv&expect=1
龙门镖局,http://live.g3proxy.lecloud.com/gslb?stream_id=lb_lmbj_1300&tag=live&ext=m3u8&sign=live_tv&platid=10&splatid=1009&format=letv&expect=1
好莱坞,http://live.g3proxy.lecloud.com/gslb?stream_id=lb_hlw_1300&tag=live&ext=m3u8&sign=live_tv&platid=10&splatid=1009&format=letv&expect=1
华语电影,http://live.g3proxy.lecloud.com/gslb?stream_id=lb_hydy_1300&tag=live&ext=m3u8&sign=live_tv&platid=10&splatid=1009&format=letv&expect=1
日韩电影,http://live.g3proxy.lecloud.com/gslb?stream_id=lb_rhdy_1300&tag=live&ext=m3u8&sign=live_tv&platid=10&splatid=1009&format=letv&expect=1
北京傲客,http://live.g3proxy.lecloud.com/gslb?stream_id=lb_bjak_1300&tag=live&ext=m3u8&sign=live_tv&platid=10&splatid=1009&format=letv&expect=1
新济公活佛,http://live.g3proxy.lecloud.com/gslb?stream_id=lb_xjghf_1300&tag=live&ext=m3u8&sign=live_tv&platid=10&splatid=1009&format=letv&expect=1
花样姐姐,http://live.g3proxy.lecloud.com/gslb?stream_id=lb_hyjj_1300&tag=live&ext=m3u8&sign=live_tv&platid=10&splatid=1009&format=letv&expect=1
想明白了再结婚,http://live.g3proxy.lecloud.com/gslb?stream_id=lb_xmblzjh_1300&tag=live&ext=m3u8&sign=live_tv&platid=10&splatid=1009&format=letv&expect=1
极品新娘,http://live.g3proxy.lecloud.com/gslb?stream_id=lb_jpxn_1300&tag=live&ext=m3u8&sign=live_tv&platid=10&splatid=1009&format=letv&expect=1
虎妈猫爸,http://live.g3proxy.lecloud.com/gslb?stream_id=lb_hmmb_1300&tag=live&ext=m3u8&sign=live_tv&platid=10&splatid=1009&format=letv&expect=1
聊斋新编,http://live.g3proxy.lecloud.com/gslb?stream_id=lb_lzxb_1300&tag=live&ext=m3u8&sign=live_tv&platid=10&splatid=1009&format=letv&expect=1
何以笙箫默,http://live.g3proxy.lecloud.com/gslb?stream_id=lb_hysxm_1300&tag=live&ext=m3u8&sign=live_tv&platid=10&splatid=1009&format=letv&expect=1
粤语频道,http://live.g3proxy.lecloud.com/gslb?stream_id=lb_yylbpd_1300&tag=live&ext=m3u8&sign=live_tv&platid=10&splatid=1009&format=letv&expect=1
平凡的世界,http://live.g3proxy.lecloud.com/gslb?stream_id=lb_pfdsj_1300&tag=live&ext=m3u8&sign=live_tv&platid=10&splatid=1009&format=letv&expect=1
封神英雄,http://live.g3proxy.lecloud.com/gslb?stream_id=lb_fsyx_1300&tag=live&ext=m3u8&sign=live_tv&platid=10&splatid=1009&format=letv&expect=1
隋唐英雄,http://live.g3proxy.lecloud.com/gslb?stream_id=lb_styx_1300&tag=live&ext=m3u8&sign=live_tv&platid=10&splatid=1009&format=letv&expect=1
锦绣缘华丽冒险,http://live.g3proxy.lecloud.com/gslb?stream_id=lb_jxyhlmx_1300&tag=live&ext=m3u8&sign=live_tv&platid=10&splatid=1009&format=letv&expect=1
活色生香,http://live.g3proxy.lecloud.com/gslb?stream_id=lb_hssx_800&tag=live&ext=m3u8&sign=live_tv&platid=10&splatid=1009&format=letv&expect=1
武媚娘传奇,http://live.g3proxy.lecloud.com/gslb?stream_id=lb_wmncq_1300&tag=live&ext=m3u8&sign=live_tv&platid=10&splatid=1009&format=letv&expect=1
拐个皇帝回现代,http://live.g3proxy.lecloud.com/gslb?stream_id=lb_gghdhxd_1800&tag=live&ext=m3u8&sign=live_tv&platid=10&splatid=1009&format=letv&expect=1
我的老师是传奇,http://live.g3proxy.lecloud.com/gslb?stream_id=lb_wdlsscq_1800&tag=live&ext=m3u8&sign=live_tv&platid=10&splatid=1009&format=letv&expect=1
冰与火的青春,http://live.g3proxy.lecloud.com/gslb?stream_id=lb_byhdqc_1800&tag=live&ext=m3u8&sign=live_tv&platid=10&splatid=1009&format=letv&expect=1
琅琊榜,http://live.g3proxy.lecloud.com/gslb?stream_id=lb_lyb_1800&tag=live&ext=m3u8&sign=live_tv&platid=10&splatid=1009&format=letv&expect=1
十周嫁出去,http://live.g3proxy.lecloud.com/gslb?stream_id=lb_szjcq_1800&tag=live&ext=m3u8&sign=live_tv&platid=10&splatid=1009&format=letv&expect=1
伪装者,http://live.g3proxy.lecloud.com/gslb?stream_id=lb_wzz_1800&tag=live&ext=m3u8&sign=live_tv&platid=10&splatid=1009&format=letv&expect=1
调皮王妃,http://live.g3proxy.lecloud.com/gslb?stream_id=lb_tpwf_1800&tag=live&ext=m3u8&sign=live_tv&platid=10&splatid=1009&format=letv&expect=1
两生花,http://live.g3proxy.lecloud.com/gslb?stream_id=lb_lb_lsh_1300&tag=live&ext=m3u8&sign=live_tv&platid=10&splatid=1009&format=letv&expect=1
小时代,http://live.g3proxy.lecloud.com/gslb?stream_id=lb_xsd_1300&tag=live&ext=m3u8&sign=live_tv&platid=10&splatid=1009&format=letv&expect=1
想明白了再结婚,http://live.g3proxy.lecloud.com/gslb?stream_id=lb_xmblzjh_1300&tag=live&ext=m3u8&sign=live_tv&platid=10&splatid=1009&format=letv&expect=1
极品新娘,http://live.g3proxy.lecloud.com/gslb?stream_id=lb_jpxn_1300&tag=live&ext=m3u8&sign=live_tv&platid=10&splatid=1009&format=letv&expect=1
欢乐喜剧人,http://live.g3proxy.lecloud.com/gslb?stream_id=lb_hlxjr_1300&tag=live&ext=m3u8&sign=live_tv&platid=10&splatid=1009&format=letv&expect=1
偏偏喜欢你,http://live.g3proxy.lecloud.com/gslb?stream_id=lb_lb_ppxhn_1300&tag=live&ext=m3u8&sign=live_tv&platid=10&splatid=1009&format=letv&expect=1
后海不是海,http://live.g3proxy.lecloud.com/gslb?stream_id=lb_lb_hhbsh_1800&tag=live&ext=m3u8&sign=live_tv&platid=10&splatid=1009&format=letv&expect=1
你是我的姐妹,http://live.g3proxy.lecloud.com/gslb?stream_id=lb_lb_nswdjm_1800&tag=live&ext=m3u8&sign=live_tv&platid=10&splatid=1009&format=letv&expect=1
克拉恋人,http://live.g3proxy.lecloud.com/gslb?stream_id=lb_kllr_1300&tag=live&ext=m3u8&sign=live_tv&platid=10&splatid=1009&format=letv&expect=1
挑战者联盟,http://live.g3proxy.lecloud.com/gslb?stream_id=lb_tzzlm_1300&tag=live&ext=m3u8&sign=live_tv&platid=10&splatid=1009&format=letv&expect=1
少年神探狄仁杰,http://live.g3proxy.lecloud.com/gslb?stream_id=lb_snstdrj_1300&tag=live&ext=m3u8&sign=live_tv&platid=10&splatid=1009&format=letv&expect=1
神犬小七,http://live.g3proxy.lecloud.com/gslb?stream_id=lb_sqxq_1300&tag=live&ext=m3u8&sign=live_tv&platid=10&splatid=1009&format=letv&expect=1
潜伏,http://live.g3proxy.lecloud.com/gslb?stream_id=lb_qianfu_1300&tag=live&ext=m3u8&sign=live_tv&platid=10&splatid=1009&format=letv&expect=1
欢乐季,http://live.g3proxy.lecloud.com/gslb?stream_id=lb_2015xjdws_1300&tag=live&ext=m3u8&sign=live_tv&platid=10&splatid=1009&format=letv&expect=1
大汉情缘之云中歌,http://live.g3proxy.lecloud.com/gslb?stream_id=lb_dhqyzyzg_1300&tag=live&ext=m3u8&sign=live_tv&platid=10&splatid=1009&format=letv&expect=1
来自未来的史密特,http://live.g3proxy.lecloud.com/gslb?stream_id=lb_lzwldsmt_1800&tag=live&ext=m3u8&sign=live_tv&platid=10&splatid=1009&format=letv&expect=1
特工卡特,http://live.g3proxy.lecloud.com/gslb?stream_id=lb_tgkt_1800&tag=live&ext=m3u8&sign=live_tv&platid=10&splatid=1009&format=letv&expect=1
音乐,http://live.g3proxy.lecloud.com/gslb?stream_id=lb_music_1300&tag=live&ext=m3u8&sign=live_tv&platid=10&splatid=1009&format=letv&expect=1
演唱会,http://live.g3proxy.lecloud.com/gslb?stream_id=lb_concert_1300&tag=live&ext=m3u8&sign=live_tv&platid=10&splatid=1009&format=letv&expect=1
娱乐,http://live.g3proxy.lecloud.com/gslb?stream_id=lb_yule_1300&tag=live&ext=m3u8&sign=live_tv&platid=10&splatid=1009&format=letv&expect=1
MV,http://live.g3proxy.lecloud.com/gslb?stream_id=lb_mv_1300&tag=live&ext=m3u8&sign=live_tv&platid=10&splatid=1009&format=letv&expect=1
古典音乐,http://live.g3proxy.lecloud.com/gslb?stream_id=lb_classical_1300&tag=live&ext=m3u8&sign=live_tv&platid=10&splatid=1009&format=letv&expect=1
戏曲,http://live.g3proxy.lecloud.com/gslb?stream_id=lb_xiqu_1300&tag=live&ext=m3u8&sign=live_tv&platid=10&splatid=1009&format=letv&expect=1
音乐节,http://live.g3proxy.lecloud.com/gslb?stream_id=lb_yinyuejie_1000&tag=live&ext=m3u8&sign=live_tv&platid=10&splatid=1009&format=letv&expect=1
LIVE生活,http://live.g3proxy.lecloud.com/gslb?stream_id=lb_livemusic_1000&tag=live&ext=m3u8&sign=live_tv&platid=10&splatid=1009&format=letv&expect=1
格莱美音乐奖,http://live.g3proxy.lecloud.com/gslb?stream_id=lb_glmyyj_1300&tag=live&ext=m3u8&sign=live_tv&platid=10&splatid=1009&format=letv&expect=1
乐听古典音乐轮播台,http://live.g3proxy.lecloud.com/gslb?stream_id=lb_leting_classical_music_800&tag=live&ext=m3u8&sign=live_tv&platid=10&splatid=1009&format=letv&expect=1
乐听音乐节轮播台,http://live.g3proxy.lecloud.com/gslb?stream_id=lb_leting_festival_800&tag=live&ext=m3u8&sign=live_tv&platid=10&splatid=1009&format=letv&expect=1
乐听蒙面歌王轮播台,http://live.g3proxy.lecloud.com/gslb?stream_id=lb_leting_mmgw_800&tag=live&ext=m3u8&sign=live_tv&platid=10&splatid=1009&format=letv&expect=1
乐听我是歌手轮播台,http://live.g3proxy.lecloud.com/gslb?stream_id=lb_leting_wsgs_800&tag=live&ext=m3u8&sign=live_tv&platid=10&splatid=1009&format=letv&expect=1
乐听教育轮播台,http://live.g3proxy.lecloud.com/gslb?stream_id=lb_leting_800&tag=live&ext=m3u8&sign=live_tv&platid=10&splatid=1009&format=letv&expect=1
华鼎奖颁奖典礼,http://live.g3proxy.lecloud.com/gslb?stream_id=lb_hdjbjdl_1300&tag=live&ext=m3u8&sign=live_tv&platid=10&splatid=1009&format=letv&expect=1
郎朗演唱会,http://live.g3proxy.lecloud.com/gslb?stream_id=lb_langlang_1800&tag=live&ext=m3u8&sign=live_tv&platid=10&splatid=1009&format=letv&expect=1
陈奕迅演唱会,http://live.g3proxy.lecloud.com/gslb?stream_id=lb_chenyixun_1300&tag=live&ext=m3u8&sign=live_tv&platid=10&splatid=1009&format=letv&expect=1
中国摇滚,http://live.g3proxy.lecloud.com/gslb?stream_id=lb_zgyg_1300&tag=live&ext=m3u8&sign=live_tv&platid=10&splatid=1009&format=letv&expect=1
中国民谣,http://live.g3proxy.lecloud.com/gslb?stream_id=lb_zgmy_1300&tag=live&ext=m3u8&sign=live_tv&platid=10&splatid=1009&format=letv&expect=1
日本流行,http://live.g3proxy.lecloud.com/gslb?stream_id=lb_rblx_1300&tag=live&ext=m3u8&sign=live_tv&platid=10&splatid=1009&format=letv&expect=1#http://live.g3proxy.lecloud.com/gslb?stream_id=lb_rblx_1800&tag=live&ext=m3u8&sign=live_tv&platid=10&splatid=1009&format=letv&expect=1
欧美流行,http://live.g3proxy.lecloud.com/gslb?stream_id=lb_omlx_1300&tag=live&ext=m3u8&sign=live_tv&platid=10&splatid=1009&format=letv&expect=1
蒙面歌王,http://live.g3proxy.lecloud.com/gslb?stream_id=lb_mmgw_1300&tag=live&ext=m3u8&sign=live_tv&platid=10&splatid=1009&format=letv&expect=1
广告频道,http://live.g3proxy.lecloud.com/gslb?stream_id=lb_lb_ggpd_1300&tag=live&ext=m3u8&sign=live_tv&platid=10&splatid=1009&format=letv&expect=1
环球购物,http://live.g3proxy.lecloud.com/gslb?stream_id=lb_lb_hqgw_1300&tag=live&ext=m3u8&sign=live_tv&platid=10&splatid=1009&format=letv&expect=1
★广场舞,http://live.g3proxy.lecloud.com/gslb?stream_id=lb_gcw_1300&tag=live&ext=m3u8&sign=live_tv&platid=10&splatid=1009&format=letv&expect=1
生活,http://live.g3proxy.lecloud.com/gslb?stream_id=lb_shenghuo_1300&tag=live&ext=m3u8&sign=live_tv&platid=10&splatid=1009&format=letv&expect=1
超级超级,http://live.g3proxy.lecloud.com/gslb?stream_id=lb_zdyjfc_1300&tag=live&ext=m3u8&sign=live_tv&platid=10&splatid=1009&format=letv&expect=1
★炉石传说,http://live.g3proxy.lecloud.com/gslb?stream_id=lb_hlj_1300&tag=live&ext=m3u8&sign=live_tv&platid=10&splatid=1009&format=letv&expect=1
王者归来发布会,http://live.g3proxy.lecloud.com/gslb?stream_id=lb_jcytht_1300&tag=live&ext=m3u8&sign=live_tv&platid=10&splatid=1009&format=letv&expect=1
亲子,http://live.g3proxy.lecloud.com/gslb?stream_id=lb_qinzi_1300&tag=live&ext=m3u8&sign=live_tv&platid=10&splatid=1009&format=letv&expect=1
儿歌,http://live.g3proxy.lecloud.com/gslb?stream_id=lb_erge_1300&tag=live&ext=m3u8&sign=live_tv&platid=10&splatid=1009&format=letv&expect=1
动漫,http://live.g3proxy.lecloud.com/gslb?stream_id=lb_comic_1300&tag=live&ext=m3u8&sign=live_tv&platid=10&splatid=1009&format=letv&expect=1
熊出没,http://live.g3proxy.lecloud.com/gslb?stream_id=lb_xcm_1300&tag=live&ext=m3u8&sign=live_tv&platid=10&splatid=1009&format=letv&expect=1
猪猪侠,http://live.g3proxy.lecloud.com/gslb?stream_id=lb_zzx_1300&tag=live&ext=m3u8&sign=live_tv&platid=10&splatid=1009&format=letv&expect=1
倒霉熊,http://live.g3proxy.lecloud.com/gslb?stream_id=lb_dmx_1300&tag=live&ext=m3u8&sign=live_tv&platid=10&splatid=1009&format=letv&expect=1
猫和老鼠,http://live.g3proxy.lecloud.com/gslb?stream_id=lb_mhls_1300&tag=live&ext=m3u8&sign=live_tv&platid=10&splatid=1009&format=letv&expect=1
大头儿子,http://live.g3proxy.lecloud.com/gslb?stream_id=lb_dtez_1300&tag=live&ext=m3u8&sign=live_tv&platid=10&splatid=1009&format=letv&expect=1
宠物小精灵,http://live.g3proxy.lecloud.com/gslb?stream_id=lb_cwxjl_1300&tag=live&ext=m3u8&sign=live_tv&platid=10&splatid=1009&format=letv&expect=1
哆啦A梦,http://live.g3proxy.lecloud.com/gslb?stream_id=lb_dlam_1300&tag=live&ext=m3u8&sign=live_tv&platid=10&splatid=1009&format=letv&expect=1
樱桃小丸子,http://live.g3proxy.lecloud.com/gslb?stream_id=lb_ytxwz_1300&tag=live&ext=m3u8&sign=live_tv&platid=10&splatid=1009&format=letv&expect=1
蜡笔小新,http://live.g3proxy.lecloud.com/gslb?stream_id=lb_lbxx_1300&tag=live&ext=m3u8&sign=live_tv&platid=10&splatid=1009&format=letv&expect=1
小马宝莉,http://live.g3proxy.lecloud.com/gslb?stream_id=lb_xmbl_1300&tag=live&ext=m3u8&sign=live_tv&platid=10&splatid=1009&format=letv&expect=1
黑子的篮球,http://live.g3proxy.lecloud.com/gslb?stream_id=lb_hzdlq_1300&tag=live&ext=m3u8&sign=live_tv&platid=10&splatid=1009&format=letv&expect=1
巨神战击队,http://live.g3proxy.lecloud.com/gslb?stream_id=lb_jszjd_1300&tag=live&ext=m3u8&sign=live_tv&platid=10&splatid=1009&format=letv&expect=1
名侦探柯南,http://live.g3proxy.lecloud.com/gslb?stream_id=lb_mztkn_1300&tag=live&ext=m3u8&sign=live_tv&platid=10&splatid=1009&format=letv&expect=1
变形金刚,http://live.g3proxy.lecloud.com/gslb?stream_id=lb_bxjg_1300&tag=live&ext=m3u8&sign=live_tv&platid=10&splatid=1009&format=letv&expect=1
奥特曼,http://live.g3proxy.lecloud.com/gslb?stream_id=lb_atm_1300&tag=live&ext=m3u8&sign=live_tv&platid=10&splatid=1009&format=letv&expect=1
巴啦啦小魔仙,http://live.g3proxy.lecloud.com/gslb?stream_id=lb_bllxmx_1300&tag=live&ext=m3u8&sign=live_tv&platid=10&splatid=1009&format=letv&expect=1
欧美卡通,http://live.g3proxy.lecloud.com/gslb?stream_id=lb_omkt_1300&tag=live&ext=m3u8&sign=live_tv&platid=10&splatid=1009&format=letv&expect=1
小众美剧,http://live.g3proxy.lecloud.com/gslb?stream_id=lb_xzmj_1300&tag=live&ext=m3u8&sign=live_tv&platid=10&splatid=1009&format=letv&expect=1
热门美剧,http://live.g3proxy.lecloud.com/gslb?stream_id=lb_rmmj_1300&tag=live&ext=m3u8&sign=live_tv&platid=10&splatid=1009&format=letv&expect=1
都市剧场,http://live.g3proxy.lecloud.com/gslb?stream_id=lb_dsjc_1300&tag=live&ext=m3u8&sign=live_tv&platid=10&splatid=1009&format=letv&expect=1
脱单剧场,http://live.g3proxy.lecloud.com/gslb?stream_id=lb_tdjc_1300&tag=live&ext=m3u8&sign=live_tv&platid=10&splatid=1009&format=letv&expect=1
美剧,http://live.g3proxy.lecloud.com/gslb?stream_id=lb_meiju_1300&tag=live&ext=m3u8&sign=live_tv&platid=10&splatid=1009&format=letv&expect=1
超级英雄,http://live.g3proxy.lecloud.com/gslb?stream_id=lb_cjyx_1300&tag=live&ext=m3u8&sign=live_tv&platid=10&splatid=1009&format=letv&expect=1
跟播美剧,http://live.g3proxy.lecloud.com/gslb?stream_id=lb_gbmj_1300&tag=live&ext=m3u8&sign=live_tv&platid=10&splatid=1009&format=letv&expect=1
经典美剧,http://live.g3proxy.lecloud.com/gslb?stream_id=lb_jdmj_1300&tag=live&ext=m3u8&sign=live_tv&platid=10&splatid=1009&format=letv&expect=1
罪案烧脑,http://live.g3proxy.lecloud.com/gslb?stream_id=lb_zasn_1300&tag=live&ext=m3u8&sign=live_tv&platid=10&splatid=1009&format=letv&expect=1
科幻美剧,http://live.g3proxy.lecloud.com/gslb?stream_id=lb_khmj_1300&tag=live&ext=m3u8&sign=live_tv&platid=10&splatid=1009&format=letv&expect=1
奇幻美剧,http://live.g3proxy.lecloud.com/gslb?stream_id=lb_qhmj_1300&tag=live&ext=m3u8&sign=live_tv&platid=10&splatid=1009&format=letv&expect=1
喜剧美剧,http://live.g3proxy.lecloud.com/gslb?stream_id=lb_xjmj_1300&tag=live&ext=m3u8&sign=live_tv&platid=10&splatid=1009&format=letv&expect=1
年代剧场,http://live.g3proxy.lecloud.com/gslb?stream_id=lb_ndjc_1300&tag=live&ext=m3u8&sign=live_tv&platid=10&splatid=1009&format=letv&expect=1
虐恋美剧,http://live.g3proxy.lecloud.com/gslb?stream_id=lb_nlmj_1300&tag=live&ext=m3u8&sign=live_tv&platid=10&splatid=1009&format=letv&expect=1
高冷美剧,http://live.g3proxy.lecloud.com/gslb?stream_id=lb_glmj_1300&tag=live&ext=m3u8&sign=live_tv&platid=10&splatid=1009&format=letv&expect=1
单元美剧,http://live.g3proxy.lecloud.com/gslb?stream_id=lb_dymj_1300&tag=live&ext=m3u8&sign=live_tv&platid=10&splatid=1009&format=letv&expect=1
肥皂美剧,http://live.g3proxy.lecloud.com/gslb?stream_id=lb_fzmj_1300&tag=live&ext=m3u8&sign=live_tv&platid=10&splatid=1009&format=letv&expect=1
律政医务美剧,http://live.g3proxy.lecloud.com/gslb?stream_id=lb_lzywmj_1300&tag=live&ext=m3u8&sign=live_tv&platid=10&splatid=1009&format=letv&expect=1
热血动作美剧,http://live.g3proxy.lecloud.com/gslb?stream_id=lb_rxdzmj_1300&tag=live&ext=m3u8&sign=live_tv&platid=10&splatid=1009&format=letv&expect=1
重播之王,http://live.g3proxy.lecloud.com/gslb?stream_id=lb_cbzw_1300&tag=live&ext=m3u8&sign=live_tv&platid=10&splatid=1009&format=letv&expect=1
神话剧场,http://live.g3proxy.lecloud.com/gslb?stream_id=lb_shjc_1300&tag=live&ext=m3u8&sign=live_tv&platid=10&splatid=1009&format=letv&expect=1
情景喜剧剧场,http://live.g3proxy.lecloud.com/gslb?stream_id=lb_qjxjjc_1300&tag=live&ext=m3u8&sign=live_tv&platid=10&splatid=1009&format=letv&expect=1
武侠剧场,http://live.g3proxy.lecloud.com/gslb?stream_id=lb_wxjc_1300&tag=live&ext=m3u8&sign=live_tv&platid=10&splatid=1009&format=letv&expect=1
抗战剧场,http://live.g3proxy.lecloud.com/gslb?stream_id=lb_kangz_1300&tag=live&ext=m3u8&sign=live_tv&platid=10&splatid=1009&format=letv&expect=1
女性剧场,http://live.g3proxy.lecloud.com/gslb?stream_id=lb_nxjc_1300&tag=live&ext=m3u8&sign=live_tv&platid=10&splatid=1009&format=letv&expect=1
宫斗剧场,http://live.g3proxy.lecloud.com/gslb?stream_id=lb_gdjc_1300&tag=live&ext=m3u8&sign=live_tv&platid=10&splatid=1009&format=letv&expect=1
军旅剧场,http://live.g3proxy.lecloud.com/gslb?stream_id=lb_jljc_1300&tag=live&ext=m3u8&sign=live_tv&platid=10&splatid=1009&format=letv&expect=1
励志剧场,http://live.g3proxy.lecloud.com/gslb?stream_id=lb_lzjc_1300&tag=live&ext=m3u8&sign=live_tv&platid=10&splatid=1009&format=letv&expect=1
催泪剧场,http://live.g3proxy.lecloud.com/gslb?stream_id=lb_cljc_1300&tag=live&ext=m3u8&sign=live_tv&platid=10&splatid=1009&format=letv&expect=1
兄弟剧场,http://live.g3proxy.lecloud.com/gslb?stream_id=lb_xdjc_1300&tag=live&ext=m3u8&sign=live_tv&platid=10&splatid=1009&format=letv&expect=1
姐妹淘剧场,http://live.g3proxy.lecloud.com/gslb?stream_id=lb_jmtjc_1300&tag=live&ext=m3u8&sign=live_tv&platid=10&splatid=1009&format=letv&expect=1
青春偶像美剧,http://live.g3proxy.lecloud.com/gslb?stream_id=lb_qcoxmj_1300&tag=live&ext=m3u8&sign=live_tv&platid=10&splatid=1009&format=letv&expect=1
汪峰,http://live.g3proxy.lecloud.com/gslb?stream_id=lb_wf_1300&tag=live&ext=m3u8&sign=live_tv&platid=10&splatid=1009&format=letv&expect=1
邓紫棋,http://live.g3proxy.lecloud.com/gslb?stream_id=lb_dengziqi_1300&tag=live&ext=m3u8&sign=live_tv&platid=10&splatid=1009&format=letv&expect=1
羽泉,http://live.g3proxy.lecloud.com/gslb?stream_id=lb_yuquan_1300&tag=live&ext=m3u8&sign=live_tv&platid=10&splatid=1009&format=letv&expect=1
凤凰传奇,http://live.g3proxy.lecloud.com/gslb?stream_id=lb_fhcq_1300&tag=live&ext=m3u8&sign=live_tv&platid=10&splatid=1009&format=letv&expect=1
张杰,http://live.g3proxy.lecloud.com/gslb?stream_id=lb_zj_1300&tag=live&ext=m3u8&sign=live_tv&platid=10&splatid=1009&format=letv&expect=1
韩红,http://live.g3proxy.lecloud.com/gslb?stream_id=lb_hanhong_1300&tag=live&ext=m3u8&sign=live_tv&platid=10&splatid=1009&format=letv&expect=1
李宇春,http://live.g3proxy.lecloud.com/gslb?stream_id=lb_lyc_1300&tag=live&ext=m3u8&sign=live_tv&platid=10&splatid=1009&format=letv&expect=1
韩磊,http://live.g3proxy.lecloud.com/gslb?stream_id=lb_hl_1300&tag=live&ext=m3u8&sign=live_tv&platid=10&splatid=1009&format=letv&expect=1
杨澜,http://live.g3proxy.lecloud.com/gslb?stream_id=lb_yanglan_1300&tag=live&ext=m3u8&sign=live_tv&platid=10&splatid=1009&format=letv&expect=1
张艺谋,http://live.g3proxy.lecloud.com/gslb?stream_id=lb_zym_1300&tag=live&ext=m3u8&sign=live_tv&platid=10&splatid=1009&format=letv&expect=1
邓超,http://live.g3proxy.lecloud.com/gslb?stream_id=lb_dengchao_1300&tag=live&ext=m3u8&sign=live_tv&platid=10&splatid=1009&format=letv&expect=1
郑晓龙,http://live.g3proxy.lecloud.com/gslb?stream_id=lb_zxl_1300&tag=live&ext=m3u8&sign=live_tv&platid=10&splatid=1009&format=letv&expect=1
王雷,http://live.g3proxy.lecloud.com/gslb?stream_id=lb_wl_1300&tag=live&ext=m3u8&sign=live_tv&platid=10&splatid=1009&format=letv&expect=1
徐克,http://live.g3proxy.lecloud.com/gslb?stream_id=lb_xuke_1300&tag=live&ext=m3u8&sign=live_tv&platid=10&splatid=1009&format=letv&expect=1
黄晓明,http://live.g3proxy.lecloud.com/gslb?stream_id=lb_hxm_1300&tag=live&ext=m3u8&sign=live_tv&platid=10&splatid=1009&format=letv&expect=1
苏芒,http://live.g3proxy.lecloud.com/gslb?stream_id=lb_sumang_1300&tag=live&ext=m3u8&sign=live_tv&platid=10&splatid=1009&format=letv&expect=1
章子怡,http://live.g3proxy.lecloud.com/gslb?stream_id=lb_zhangziyi_1300&tag=live&ext=m3u8&sign=live_tv&platid=10&splatid=1009&format=letv&expect=1
沈傲君,http://live.g3proxy.lecloud.com/gslb?stream_id=lb_saj_1300&tag=live&ext=m3u8&sign=live_tv&platid=10&splatid=1009&format=letv&expect=1
叶璇,http://live.g3proxy.lecloud.com/gslb?stream_id=lb_yx_1300&tag=live&ext=m3u8&sign=live_tv&platid=10&splatid=1009&format=letv&expect=1
莫小棋,http://live.g3proxy.lecloud.com/gslb?stream_id=lb_mxq_1300&tag=live&ext=m3u8&sign=live_tv&platid=10&splatid=1009&format=letv&expect=1
童瑶,http://live.g3proxy.lecloud.com/gslb?stream_id=lb_tongyao_1300&tag=live&ext=m3u8&sign=live_tv&platid=10&splatid=1009&format=letv&expect=1
沙溢,http://live.g3proxy.lecloud.com/gslb?stream_id=lb_shayi_1300&tag=live&ext=m3u8&sign=live_tv&platid=10&splatid=1009&format=letv&expect=1
代乐乐,http://live.g3proxy.lecloud.com/gslb?stream_id=lb_dll_1300&tag=live&ext=m3u8&sign=live_tv&platid=10&splatid=1009&format=letv&expect=1
颖儿,http://live.g3proxy.lecloud.com/gslb?stream_id=lb_ye_1300&tag=live&ext=m3u8&sign=live_tv&platid=10&splatid=1009&format=letv&expect=1
徐百卉,http://live.g3proxy.lecloud.com/gslb?stream_id=lb_xbh_1300&tag=live&ext=m3u8&sign=live_tv&platid=10&splatid=1009&format=letv&expect=1
曹曦文,http://live.g3proxy.lecloud.com/gslb?stream_id=lb_cxw_1300&tag=live&ext=m3u8&sign=live_tv&platid=10&splatid=1009&format=letv&expect=1
李崇霄,http://live.g3proxy.lecloud.com/gslb?stream_id=lb_lichongxiao_1300&tag=live&ext=m3u8&sign=live_tv&platid=10&splatid=1009&format=letv&expect=1
朱锐,http://live.g3proxy.lecloud.com/gslb?stream_id=lb_zhurui_1300&tag=live&ext=m3u8&sign=live_tv&platid=10&splatid=1009&format=letv&expect=1
赵立新,http://live.g3proxy.lecloud.com/gslb?stream_id=lb_zlx_1300&tag=live&ext=m3u8&sign=live_tv&platid=10&splatid=1009&format=letv&expect=1
艾东,http://live.g3proxy.lecloud.com/gslb?stream_id=lb_ad_1300&tag=live&ext=m3u8&sign=live_tv&platid=10&splatid=1009&format=letv&expect=1
黄绮珊,http://live.g3proxy.lecloud.com/gslb?stream_id=lb_hqs_1300&tag=live&ext=m3u8&sign=live_tv&platid=10&splatid=1009&format=letv&expect=1
宋丹丹,http://live.g3proxy.lecloud.com/gslb?stream_id=lb_sdd_1300&tag=live&ext=m3u8&sign=live_tv&platid=10&splatid=1009&format=letv&expect=1
宁浩,http://live.g3proxy.lecloud.com/gslb?stream_id=lb_ninghao_1300&tag=live&ext=m3u8&sign=live_tv&platid=10&splatid=1009&format=letv&expect=1
曹征,http://live.g3proxy.lecloud.com/gslb?stream_id=lb_caozheng_1300&tag=live&ext=m3u8&sign=live_tv&platid=10&splatid=1009&format=letv&expect=1
金铭,http://live.g3proxy.lecloud.com/gslb?stream_id=lb_jm_1300&tag=live&ext=m3u8&sign=live_tv&platid=10&splatid=1009&format=letv&expect=1
刘恺威,http://live.g3proxy.lecloud.com/gslb?stream_id=lb_lkw_1300&tag=live&ext=m3u8&sign=live_tv&platid=10&splatid=1009&format=letv&expect=1
陈小春,http://live.g3proxy.lecloud.com/gslb?stream_id=lb_cxc_1300&tag=live&ext=m3u8&sign=live_tv&platid=10&splatid=1009&format=letv&expect=1
包贝尔,http://live.g3proxy.lecloud.com/gslb?stream_id=lb_bbe_1300&tag=live&ext=m3u8&sign=live_tv&platid=10&splatid=1009&format=letv&expect=1
乔任梁,http://live.g3proxy.lecloud.com/gslb?stream_id=lb_qrl_1300&tag=live&ext=m3u8&sign=live_tv&platid=10&splatid=1009&format=letv&expect=1
姜武,http://live.g3proxy.lecloud.com/gslb?stream_id=lb_jw_1300&tag=live&ext=m3u8&sign=live_tv&platid=10&splatid=1009&format=letv&expect=1
于正,http://live.g3proxy.lecloud.com/gslb?stream_id=lb_yz_1300&tag=live&ext=m3u8&sign=live_tv&platid=10&splatid=1009&format=letv&expect=1
何炅,http://live.g3proxy.lecloud.com/gslb?stream_id=lb_hj_1300&tag=live&ext=m3u8&sign=live_tv&platid=10&splatid=1009&format=letv&expect=1
杜海涛,http://live.g3proxy.lecloud.com/gslb?stream_id=lb_dht_1300&tag=live&ext=m3u8&sign=live_tv&platid=10&splatid=1009&format=letv&expect=1
柳岩,http://live.g3proxy.lecloud.com/gslb?stream_id=lb_ly_1300&tag=live&ext=m3u8&sign=live_tv&platid=10&splatid=1009&format=letv&expect=1
陈赫,http://live.g3proxy.lecloud.com/gslb?stream_id=lb_chenhe_1300&tag=live&ext=m3u8&sign=live_tv&platid=10&splatid=1009&format=letv&expect=1
高露,http://live.g3proxy.lecloud.com/gslb?stream_id=lb_gl_1300&tag=live&ext=m3u8&sign=live_tv&platid=10&splatid=1009&format=letv&expect=1
薛佳凝,http://live.g3proxy.lecloud.com/gslb?stream_id=lb_xjn_1300&tag=live&ext=m3u8&sign=live_tv&platid=10&splatid=1009&format=letv&expect=1
沈泰,http://live.g3proxy.lecloud.com/gslb?stream_id=lb_st_1300&tag=live&ext=m3u8&sign=live_tv&platid=10&splatid=1009&format=letv&expect=1
林申,http://live.g3proxy.lecloud.com/gslb?stream_id=lb_ls_1300&tag=live&ext=m3u8&sign=live_tv&platid=10&splatid=1009&format=letv&expect=1
李依晓,http://live.g3proxy.lecloud.com/gslb?stream_id=lb_lyx_1300&tag=live&ext=m3u8&sign=live_tv&platid=10&splatid=1009&format=letv&expect=1
张晓龙,http://live.g3proxy.lecloud.com/gslb?stream_id=lb_zhangxiaolong_1300&tag=live&ext=m3u8&sign=live_tv&platid=10&splatid=1009&format=letv&expect=1
毛俊杰,http://live.g3proxy.lecloud.com/gslb?stream_id=lb_mjj_1300&tag=live&ext=m3u8&sign=live_tv&platid=10&splatid=1009&format=letv&expect=1
张若昀,http://live.g3proxy.lecloud.com/gslb?stream_id=lb_zrj_1300&tag=live&ext=m3u8&sign=live_tv&platid=10&splatid=1009&format=letv&expect=1
唐艺昕,http://live.g3proxy.lecloud.com/gslb?stream_id=lb_tyx_1300&tag=live&ext=m3u8&sign=live_tv&platid=10&splatid=1009&format=letv&expect=1
孙骁骁,http://live.g3proxy.lecloud.com/gslb?stream_id=lb_sxx_1300&tag=live&ext=m3u8&sign=live_tv&platid=10&splatid=1009&format=letv&expect=1
何晟铭,http://live.g3proxy.lecloud.com/gslb?stream_id=lb_hsm_1300&tag=live&ext=m3u8&sign=live_tv&platid=10&splatid=1009&format=letv&expect=1
李念,http://live.g3proxy.lecloud.com/gslb?stream_id=lb_linian_1300&tag=live&ext=m3u8&sign=live_tv&platid=10&splatid=1009&format=letv&expect=1
应采儿,http://live.g3proxy.lecloud.com/gslb?stream_id=lb_yce_1300&tag=live&ext=m3u8&sign=live_tv&platid=10&splatid=1009&format=letv&expect=1
赵子琪,http://live.g3proxy.lecloud.com/gslb?stream_id=lb_zzq_1300&tag=live&ext=m3u8&sign=live_tv&platid=10&splatid=1009&format=letv&expect=1
赵宝刚,http://live.g3proxy.lecloud.com/gslb?stream_id=lb_z_1300&tag=live&ext=m3u8&sign=live_tv&platid=10&splatid=1009&format=letv&expect=1
梁丹妮,http://live.g3proxy.lecloud.com/gslb?stream_id=lb_ldn_1300&tag=live&ext=m3u8&sign=live_tv&platid=10&splatid=1009&format=letv&expect=1
刘威葳,http://live.g3proxy.lecloud.com/gslb?stream_id=lb_lww_1300&tag=live&ext=m3u8&sign=live_tv&platid=10&splatid=1009&format=letv&expect=1
王伟,http://live.g3proxy.lecloud.com/gslb?stream_id=lb_wangwei_1300&tag=live&ext=m3u8&sign=live_tv&platid=10&splatid=1009&format=letv&expect=1
张博,http://live.g3proxy.lecloud.com/gslb?stream_id=lb_zhangbo_1300&tag=live&ext=m3u8&sign=live_tv&platid=10&splatid=1009&format=letv&expect=1
黄晓明,http://live.g3proxy.lecloud.com/gslb?stream_id=lb_hxm_1300&tag=live&ext=m3u8&sign=live_tv&platid=10&splatid=1009&format=letv&expect=1
战菁一,http://live.g3proxy.lecloud.com/gslb?stream_id=lb_zjy_1300&tag=live&ext=m3u8&sign=live_tv&platid=10&splatid=1009&format=letv&expect=1
高云翔,http://live.g3proxy.lecloud.com/gslb?stream_id=lb_gyx_1300&tag=live&ext=m3u8&sign=live_tv&platid=10&splatid=1009&format=letv&expect=1
翁虹,http://live.g3proxy.lecloud.com/gslb?stream_id=lb_wenghong_1300&tag=live&ext=m3u8&sign=live_tv&platid=10&splatid=1009&format=letv&expect=1
牛莉,http://live.g3proxy.lecloud.com/gslb?stream_id=lb_niuli_1300&tag=live&ext=m3u8&sign=live_tv&platid=10&splatid=1009&format=letv&expect=1
马伊P,http://live.g3proxy.lecloud.com/gslb?stream_id=lb_mayili_1300&tag=live&ext=m3u8&sign=live_tv&platid=10&splatid=1009&format=letv&expect=1
陈晓,http://live.g3proxy.lecloud.com/gslb?stream_id=lb_cx_1300&tag=live&ext=m3u8&sign=live_tv&platid=10&splatid=1009&format=letv&expect=1
孔二狗,http://live.g3proxy.lecloud.com/gslb?stream_id=lb_keg_1300&tag=live&ext=m3u8&sign=live_tv&platid=10&splatid=1009&format=letv&expect=1
薛凯琪,http://live.g3proxy.lecloud.com/gslb?stream_id=lb_xkq_1300&tag=live&ext=m3u8&sign=live_tv&platid=10&splatid=1009&format=letv&expect=1
段奕宏,http://live.g3proxy.lecloud.com/gslb?stream_id=lb_dyh_1300&tag=live&ext=m3u8&sign=live_tv&platid=10&splatid=1009&format=letv&expect=1
孙耀威,http://live.g3proxy.lecloud.com/gslb?stream_id=lb_syw_1300&tag=live&ext=m3u8&sign=live_tv&platid=10&splatid=1009&format=letv&expect=1
古力娜扎,http://live.g3proxy.lecloud.com/gslb?stream_id=lb_glnz_1300&tag=live&ext=m3u8&sign=live_tv&platid=10&splatid=1009&format=letv&expect=1
胡兵,http://live.g3proxy.lecloud.com/gslb?stream_id=lb_hubing_1300&tag=live&ext=m3u8&sign=live_tv&platid=10&splatid=1009&format=letv&expect=1
黄小蕾,http://live.g3proxy.lecloud.com/gslb?stream_id=lb_hxl_1300&tag=live&ext=m3u8&sign=live_tv&platid=10&splatid=1009&format=letv&expect=1
郭德纲,http://live.g3proxy.lecloud.com/gslb?stream_id=lb_gdg_1300&tag=live&ext=m3u8&sign=live_tv&platid=10&splatid=1009&format=letv&expect=1
金晨,http://live.g3proxy.lecloud.com/gslb?stream_id=lb_jinchen_1300&tag=live&ext=m3u8&sign=live_tv&platid=10&splatid=1009&format=letv&expect=1
张译,http://live.g3proxy.lecloud.com/gslb?stream_id=lb_zhangyi_1300&tag=live&ext=m3u8&sign=live_tv&platid=10&splatid=1009&format=letv&expect=1
冯远征,http://live.g3proxy.lecloud.com/gslb?stream_id=lb_fyz_1300&tag=live&ext=m3u8&sign=live_tv&platid=10&splatid=1009&format=letv&expect=1
夏雨,http://live.g3proxy.lecloud.com/gslb?stream_id=lb_xiayu_1300&tag=live&ext=m3u8&sign=live_tv&platid=10&splatid=1009&format=letv&expect=1
田朴B,http://live.g3proxy.lecloud.com/gslb?stream_id=lb_tpj_1300&tag=live&ext=m3u8&sign=live_tv&platid=10&splatid=1009&format=letv&expect=1
吴宗宪,http://live.g3proxy.lecloud.com/gslb?stream_id=lb_wzx_1300&tag=live&ext=m3u8&sign=live_tv&platid=10&splatid=1009&format=letv&expect=1
刘亦菲,http://live.g3proxy.lecloud.com/gslb?stream_id=lb_lyf_1300&tag=live&ext=m3u8&sign=live_tv&platid=10&splatid=1009&format=letv&expect=1
丁子峻,http://live.g3proxy.lecloud.com/gslb?stream_id=lb_dzj_1300&tag=live&ext=m3u8&sign=live_tv&platid=10&splatid=1009&format=letv&expect=1
毛晓彤,http://live.g3proxy.lecloud.com/gslb?stream_id=lb_mxt_1300&tag=live&ext=m3u8&sign=live_tv&platid=10&splatid=1009&format=letv&expect=1
杜淳,http://live.g3proxy.lecloud.com/gslb?stream_id=lb_duchun_1300&tag=live&ext=m3u8&sign=live_tv&platid=10&splatid=1009&format=letv&expect=1
孙坚,http://live.g3proxy.lecloud.com/gslb?stream_id=lb_sunjian_1300&tag=live&ext=m3u8&sign=live_tv&platid=10&splatid=1009&format=letv&expect=1
张睿,http://live.g3proxy.lecloud.com/gslb?stream_id=lb_zr_1300&tag=live&ext=m3u8&sign=live_tv&platid=10&splatid=1009&format=letv&expect=1
孟广美,http://live.g3proxy.lecloud.com/gslb?stream_id=lb_mgm_1300&tag=live&ext=m3u8&sign=live_tv&platid=10&splatid=1009&format=letv&expect=1
李威,http://live.g3proxy.lecloud.com/gslb?stream_id=lb_liwei_1300&tag=live&ext=m3u8&sign=live_tv&platid=10&splatid=1009&format=letv&expect=1
吕颂贤,http://live.g3proxy.lecloud.com/gslb?stream_id=lb_lsx_1300&tag=live&ext=m3u8&sign=live_tv&platid=10&splatid=1009&format=letv&expect=1
何润东,http://live.g3proxy.lecloud.com/gslb?stream_id=lb_hrd_1300&tag=live&ext=m3u8&sign=live_tv&platid=10&splatid=1009&format=letv&expect=1
李维嘉,http://live.g3proxy.lecloud.com/gslb?stream_id=lb_lwj_1300&tag=live&ext=m3u8&sign=live_tv&platid=10&splatid=1009&format=letv&expect=1
郭涛,http://live.g3proxy.lecloud.com/gslb?stream_id=lb_gt_1300&tag=live&ext=m3u8&sign=live_tv&platid=10&splatid=1009&format=letv&expect=1
陈楚生,http://live.g3proxy.lecloud.com/gslb?stream_id=lb_ccs_1300&tag=live&ext=m3u8&sign=live_tv&platid=10&splatid=1009&format=letv&expect=1
胡彦斌,http://live.g3proxy.lecloud.com/gslb?stream_id=lb_hyb_1300&tag=live&ext=m3u8&sign=live_tv&platid=10&splatid=1009&format=letv&expect=1
刘力扬,http://live.g3proxy.lecloud.com/gslb?stream_id=lb_lly_1300&tag=live&ext=m3u8&sign=live_tv&platid=10&splatid=1009&format=letv&expect=1
田原,http://live.g3proxy.lecloud.com/gslb?stream_id=lb_tianyuan_1300&tag=live&ext=m3u8&sign=live_tv&platid=10&splatid=1009&format=letv&expect=1
萨顶顶,http://live.g3proxy.lecloud.com/gslb?stream_id=lb_sadingding_1300&tag=live&ext=m3u8&sign=live_tv&platid=10&splatid=1009&format=letv&expect=1
丝尚,http://live.g3proxy.lecloud.com/gslb?stream_id=lb_zkx_1300&tag=live&ext=m3u8&sign=live_tv&platid=10&splatid=1009&format=letv&expect=1
黄义达,http://live.g3proxy.lecloud.com/gslb?stream_id=lb_hyd_1300&tag=live&ext=m3u8&sign=live_tv&platid=10&splatid=1009&format=letv&expect=1
李霄云,http://live.g3proxy.lecloud.com/gslb?stream_id=lb_lxy_1300&tag=live&ext=m3u8&sign=live_tv&platid=10&splatid=1009&format=letv&expect=1
李丹,http://live.g3proxy.lecloud.com/gslb?stream_id=lb_lidan_1300&tag=live&ext=m3u8&sign=live_tv&platid=10&splatid=1009&format=letv&expect=1
李东学,http://live.g3proxy.lecloud.com/gslb?stream_id=lb_ldx_1300&tag=live&ext=m3u8&sign=live_tv&platid=10&splatid=1009&format=letv&expect=1
方中信,http://live.g3proxy.lecloud.com/gslb?stream_id=lb_fzx_1300&tag=live&ext=m3u8&sign=live_tv&platid=10&splatid=1009&format=letv&expect=1
蔡少芬,http://live.g3proxy.lecloud.com/gslb?stream_id=lb_csf_1300&tag=live&ext=m3u8&sign=live_tv&platid=10&splatid=1009&format=letv&expect=1
斓曦,http://live.g3proxy.lecloud.com/gslb?stream_id=lb_lx_1300&tag=live&ext=m3u8&sign=live_tv&platid=10&splatid=1009&format=letv&expect=1
吕丽萍,http://live.g3proxy.lecloud.com/gslb?stream_id=lb_llp_1300&tag=live&ext=m3u8&sign=live_tv&platid=10&splatid=1009&format=letv&expect=1
巩峥,http://live.g3proxy.lecloud.com/gslb?stream_id=lb_gz_1300&tag=live&ext=m3u8&sign=live_tv&platid=10&splatid=1009&format=letv&expect=1
孙海英,http://live.g3proxy.lecloud.com/gslb?stream_id=lb_shy_1300&tag=live&ext=m3u8&sign=live_tv&platid=10&splatid=1009&format=letv&expect=1
蒋欣,http://live.g3proxy.lecloud.com/gslb?stream_id=lb_jiangxin_1300&tag=live&ext=m3u8&sign=live_tv&platid=10&splatid=1009&format=letv&expect=1
陈创,http://live.g3proxy.lecloud.com/gslb?stream_id=lb_cc_1300&tag=live&ext=m3u8&sign=live_tv&platid=10&splatid=1009&format=letv&expect=1
孙红雷,http://live.g3proxy.lecloud.com/gslb?stream_id=lb_sunhonglei_1300&tag=live&ext=m3u8&sign=live_tv&platid=10&splatid=1009&format=letv&expect=1
刘诗诗,http://live.g3proxy.lecloud.com/gslb?stream_id=lb_liushishi_1300&tag=live&ext=m3u8&sign=live_tv&platid=10&splatid=1009&format=letv&expect=1
张丰毅,http://live.g3proxy.lecloud.com/gslb?stream_id=lb_zhangfengyi_1300&tag=live&ext=m3u8&sign=live_tv&platid=10&splatid=1009&format=letv&expect=1
钟汉良,http://live.g3proxy.lecloud.com/gslb?stream_id=lb_zhonghanliang_1300&tag=live&ext=m3u8&sign=live_tv&platid=10&splatid=1009&format=letv&expect=1
李晨,http://live.g3proxy.lecloud.com/gslb?stream_id=lb_lichen_1300&tag=live&ext=m3u8&sign=live_tv&platid=10&splatid=1009&format=letv&expect=1
李易峰,http://live.g3proxy.lecloud.com/gslb?stream_id=lb_liyifeng_1300&tag=live&ext=m3u8&sign=live_tv&platid=10&splatid=1009&format=letv&expect=1
周笔畅,http://live.g3proxy.lecloud.com/gslb?stream_id=lb_zbc_1300&tag=live&ext=m3u8&sign=live_tv&platid=10&splatid=1009&format=letv&expect=1
周韵,http://live.g3proxy.lecloud.com/gslb?stream_id=lb_zhouyun_1300&tag=live&ext=m3u8&sign=live_tv&platid=10&splatid=1009&format=letv&expect=1
郭晓冬,http://live.g3proxy.lecloud.com/gslb?stream_id=lb_gxd_1300&tag=live&ext=m3u8&sign=live_tv&platid=10&splatid=1009&format=letv&expect=1
吴秀波,http://live.g3proxy.lecloud.com/gslb?stream_id=lb_wxb_1300&tag=live&ext=m3u8&sign=live_tv&platid=10&splatid=1009&format=letv&expect=1
海清,http://live.g3proxy.lecloud.com/gslb?stream_id=lb_haiqing_1300&tag=live&ext=m3u8&sign=live_tv&platid=10&splatid=1009&format=letv&expect=1
董璇,http://live.g3proxy.lecloud.com/gslb?stream_id=lb_dongxuan_1300&tag=live&ext=m3u8&sign=live_tv&platid=10&splatid=1009&format=letv&expect=1
佟丽娅,http://live.g3proxy.lecloud.com/gslb?stream_id=lb_tly_1300&tag=live&ext=m3u8&sign=live_tv&platid=10&splatid=1009&format=letv&expect=1
赵丽颖,http://live.g3proxy.lecloud.com/gslb?stream_id=lb_zly_1300&tag=live&ext=m3u8&sign=live_tv&platid=10&splatid=1009&format=letv&expect=1
佟大为,http://live.g3proxy.lecloud.com/gslb?stream_id=lb_tdw_1300&tag=live&ext=m3u8&sign=live_tv&platid=10&splatid=1009&format=letv&expect=1
许晴,http://live.g3proxy.lecloud.com/gslb?stream_id=lb_xuqing_1300&tag=live&ext=m3u8&sign=live_tv&platid=10&splatid=1009&format=letv&expect=1
陆毅,http://live.g3proxy.lecloud.com/gslb?stream_id=lb_luyi_1300&tag=live&ext=m3u8&sign=live_tv&platid=10&splatid=1009&format=letv&expect=1
陈数,http://live.g3proxy.lecloud.com/gslb?stream_id=lb_chenshu_1300&tag=live&ext=m3u8&sign=live_tv&platid=10&splatid=1009&format=letv&expect=1
郑元畅,http://live.g3proxy.lecloud.com/gslb?stream_id=lb_zhengyuanchang_1300&tag=live&ext=m3u8&sign=live_tv&platid=10&splatid=1009&format=letv&expect=1
白百何,http://live.g3proxy.lecloud.com/gslb?stream_id=lb_bbh_1300&tag=live&ext=m3u8&sign=live_tv&platid=10&splatid=1009&format=letv&expect=1
陈紫函,http://live.g3proxy.lecloud.com/gslb?stream_id=lb_czh_1300&tag=live&ext=m3u8&sign=live_tv&platid=10&splatid=1009&format=letv&expect=1
王丽坤,http://live.g3proxy.lecloud.com/gslb?stream_id=lb_wlk_1300&tag=live&ext=m3u8&sign=live_tv&platid=10&splatid=1009&format=letv&expect=1
陆川,http://live.g3proxy.lecloud.com/gslb?stream_id=lb_lc_1300&tag=live&ext=m3u8&sign=live_tv&platid=10&splatid=1009&format=letv&expect=1
贾青,http://live.g3proxy.lecloud.com/gslb?stream_id=lb_jq_1300&tag=live&ext=m3u8&sign=live_tv&platid=10&splatid=1009&format=letv&expect=1
于明加,http://live.g3proxy.lecloud.com/gslb?stream_id=lb_ymj_1300&tag=live&ext=m3u8&sign=live_tv&platid=10&splatid=1009&format=letv&expect=1
王千源,http://live.g3proxy.lecloud.com/gslb?stream_id=lb_wqy_1300&tag=live&ext=m3u8&sign=live_tv&platid=10&splatid=1009&format=letv&expect=1
秦岚,http://live.g3proxy.lecloud.com/gslb?stream_id=lb_ql_1300&tag=live&ext=m3u8&sign=live_tv&platid=10&splatid=1009&format=letv&expect=1
杨文军,http://live.g3proxy.lecloud.com/gslb?stream_id=lb_ywj_1300&tag=live&ext=m3u8&sign=live_tv&platid=10&splatid=1009&format=letv&expect=1
于小伟,http://live.g3proxy.lecloud.com/gslb?stream_id=lb_yxw_1300&tag=live&ext=m3u8&sign=live_tv&platid=10&splatid=1009&format=letv&expect=1
潘之琳,http://live.g3proxy.lecloud.com/gslb?stream_id=lb_pzl_1300&tag=live&ext=m3u8&sign=live_tv&platid=10&splatid=1009&format=letv&expect=1
姚芊羽,http://live.g3proxy.lecloud.com/gslb?stream_id=lb_yqy_1300&tag=live&ext=m3u8&sign=live_tv&platid=10&splatid=1009&format=letv&expect=1
杜江,http://live.g3proxy.lecloud.com/gslb?stream_id=lb_mj_1300&tag=live&ext=m3u8&sign=live_tv&platid=10&splatid=1009&format=letv&expect=1
霍思燕,http://live.g3proxy.lecloud.com/gslb?stream_id=lb_hsy_1300&tag=live&ext=m3u8&sign=live_tv&platid=10&splatid=1009&format=letv&expect=1
李承铉,http://live.g3proxy.lecloud.com/gslb?stream_id=lb_lcx_1300&tag=live&ext=m3u8&sign=live_tv&platid=10&splatid=1009&format=letv&expect=1
张智尧,http://live.g3proxy.lecloud.com/gslb?stream_id=lb_zzy_1300&tag=live&ext=m3u8&sign=live_tv&platid=10&splatid=1009&format=letv&expect=1
李小萌,http://live.g3proxy.lecloud.com/gslb?stream_id=lb_lxm_1300&tag=live&ext=m3u8&sign=live_tv&platid=10&splatid=1009&format=letv&expect=1
张慧雯,http://live.g3proxy.lecloud.com/gslb?stream_id=lb_zhw_1300&tag=live&ext=m3u8&sign=live_tv&platid=10&splatid=1009&format=letv&expect=1
陈乔恩,http://live.g3proxy.lecloud.com/gslb?stream_id=lb_cqe_1300&tag=live&ext=m3u8&sign=live_tv&platid=10&splatid=1009&format=letv&expect=1
李小璐,http://live.g3proxy.lecloud.com/gslb?stream_id=lb_lxl_1300&tag=live&ext=m3u8&sign=live_tv&platid=10&splatid=1009&format=letv&expect=1
贾乃亮,http://live.g3proxy.lecloud.com/gslb?stream_id=lb_jnl_1300&tag=live&ext=m3u8&sign=live_tv&platid=10&splatid=1009&format=letv&expect=1
毛宁,http://live.g3proxy.lecloud.com/gslb?stream_id=lb_maoning_1300&tag=live&ext=m3u8&sign=live_tv&platid=10&splatid=1009&format=letv&expect=1
刘江,http://live.g3proxy.lecloud.com/gslb?stream_id=lb_liujiang_1300&tag=live&ext=m3u8&sign=live_tv&platid=10&splatid=1009&format=letv&expect=1
陈梦露,http://live.g3proxy.lecloud.com/gslb?stream_id=lb_cml_1300&tag=live&ext=m3u8&sign=live_tv&platid=10&splatid=1009&format=letv&expect=1
郝云,http://live.g3proxy.lecloud.com/gslb?stream_id=lb_haoyun_1300&tag=live&ext=m3u8&sign=live_tv&platid=10&splatid=1009&format=letv&expect=1
戚薇,http://live.g3proxy.lecloud.com/gslb?stream_id=lb_qiwei_1300&tag=live&ext=m3u8&sign=live_tv&platid=10&splatid=1009&format=letv&expect=1
白凯南,http://live.g3proxy.lecloud.com/gslb?stream_id=lb_bkn_1300&tag=live&ext=m3u8&sign=live_tv&platid=10&splatid=1009&format=letv&expect=1
戴军,http://live.g3proxy.lecloud.com/gslb?stream_id=lb_daijun_1300&tag=live&ext=m3u8&sign=live_tv&platid=10&splatid=1009&format=letv&expect=1
郭品超,http://live.g3proxy.lecloud.com/gslb?stream_id=lb_gpc_1300&tag=live&ext=m3u8&sign=live_tv&platid=10&splatid=1009&format=letv&expect=1
胡歌,http://live.g3proxy.lecloud.com/gslb?stream_id=lb_huge_1300&tag=live&ext=m3u8&sign=live_tv&platid=10&splatid=1009&format=letv&expect=1
任泉,http://live.g3proxy.lecloud.com/gslb?stream_id=lb_renquan_1300&tag=live&ext=m3u8&sign=live_tv&platid=10&splatid=1009&format=letv&expect=1
张梓琳,http://live.g3proxy.lecloud.com/gslb?stream_id=lb_zzl_1300&tag=live&ext=m3u8&sign=live_tv&platid=10&splatid=1009&format=letv&expect=1
马艳丽,http://live.g3proxy.lecloud.com/gslb?stream_id=lb_myl_1300&tag=live&ext=m3u8&sign=live_tv&platid=10&splatid=1009&format=letv&expect=1
黄百鸣,http://live.g3proxy.lecloud.com/gslb?stream_id=lb_hbm_1300&tag=live&ext=m3u8&sign=live_tv&platid=10&splatid=1009&format=letv&expect=1
王宝强,http://live.g3proxy.lecloud.com/gslb?stream_id=lb_wbq_1300&tag=live&ext=m3u8&sign=live_tv&platid=10&splatid=1009&format=letv&expect=1
余心恬,http://live.g3proxy.lecloud.com/gslb?stream_id=lb_yxt_1300&tag=live&ext=m3u8&sign=live_tv&platid=10&splatid=1009&format=letv&expect=1
黄轩,http://live.g3proxy.lecloud.com/gslb?stream_id=lb_huangxuan_1300&tag=live&ext=m3u8&sign=live_tv&platid=10&splatid=1009&format=letv&expect=1
韩庚,http://live.g3proxy.lecloud.com/gslb?stream_id=lb_hangeng_1300&tag=live&ext=m3u8&sign=live_tv&platid=10&splatid=1009&format=letv&expect=1
胡夏,http://live.g3proxy.lecloud.com/gslb?stream_id=lb_huxia_1300&tag=live&ext=m3u8&sign=live_tv&platid=10&splatid=1009&format=letv&expect=1
马天宇,http://live.g3proxy.lecloud.com/gslb?stream_id=lb_mty_1300&tag=live&ext=m3u8&sign=live_tv&platid=10&splatid=1009&format=letv&expect=1
杨烁,http://live.g3proxy.lecloud.com/gslb?stream_id=lb_yangshuo_1300&tag=live&ext=m3u8&sign=live_tv&platid=10&splatid=1009&format=letv&expect=1
刘涛,http://live.g3proxy.lecloud.com/gslb?stream_id=lb_liutao_1300&tag=live&ext=m3u8&sign=live_tv&platid=10&splatid=1009&format=letv&expect=1
刘芸,http://live.g3proxy.lecloud.com/gslb?stream_id=lb_liuyun_1300&tag=live&ext=m3u8&sign=live_tv&platid=10&splatid=1009&format=letv&expect=1
郑钧,http://live.g3proxy.lecloud.com/gslb?stream_id=lb_zhengjun_1300&tag=live&ext=m3u8&sign=live_tv&platid=10&splatid=1009&format=letv&expect=1
巍子,http://live.g3proxy.lecloud.com/gslb?stream_id=lb_weizi_1300&tag=live&ext=m3u8&sign=live_tv&platid=10&splatid=1009&format=letv&expect=1
黄斌,http://live.g3proxy.lecloud.com/gslb?stream_id=lb_huangbin_1300&tag=live&ext=m3u8&sign=live_tv&platid=10&splatid=1009&format=letv&expect=1
林一峰,http://live.g3proxy.lecloud.com/gslb?stream_id=lb_joss_1300&tag=live&ext=m3u8&sign=live_tv&platid=10&splatid=1009&format=letv&expect=1
郭德纲,http://live.g3proxy.lecloud.com/gslb?stream_id=lb_gdg_1300&tag=live&ext=m3u8&sign=live_tv&platid=10&splatid=1009&format=letv&expect=1
潘粤明,http://live.g3proxy.lecloud.com/gslb?stream_id=lb_pym_1300&tag=live&ext=m3u8&sign=live_tv&platid=10&splatid=1009&format=letv&expect=1
魏楠,http://live.g3proxy.lecloud.com/gslb?stream_id=lb_wn_1300&tag=live&ext=m3u8&sign=live_tv&platid=10&splatid=1009&format=letv&expect=1
王伟光,http://live.g3proxy.lecloud.com/gslb?stream_id=lb_wwg_1300&tag=live&ext=m3u8&sign=live_tv&platid=10&splatid=1009&format=letv&expect=1
殷旭,http://live.g3proxy.lecloud.com/gslb?stream_id=lb_yinxu_1300&tag=live&ext=m3u8&sign=live_tv&platid=10&splatid=1009&format=letv&expect=1
徐翠翠,http://live.g3proxy.lecloud.com/gslb?stream_id=lb_xcc_1300&tag=live&ext=m3u8&sign=live_tv&platid=10&splatid=1009&format=letv&expect=1
宋佳伦,http://live.g3proxy.lecloud.com/gslb?stream_id=lb_sjl_1300&tag=live&ext=m3u8&sign=live_tv&platid=10&splatid=1009&format=letv&expect=1
孙茜,http://live.g3proxy.lecloud.com/gslb?stream_id=lb_sq_1300&tag=live&ext=m3u8&sign=live_tv&platid=10&splatid=1009&format=letv&expect=1
张睿,http://live.g3proxy.lecloud.com/gslb?stream_id=lb_zr_1300&tag=live&ext=m3u8&sign=live_tv&platid=10&splatid=1009&format=letv&expect=1
曾沛慈,http://live.g3proxy.lecloud.com/gslb?stream_id=lb_zpc_1300&tag=live&ext=m3u8&sign=live_tv&platid=10&splatid=1009&format=letv&expect=1
初音未来,http://live.g3proxy.lecloud.com/gslb?stream_id=lb_cywl_1300&tag=live&ext=m3u8&sign=live_tv&platid=10&splatid=1009&format=letv&expect=1
冯远征,http://live.g3proxy.lecloud.com/gslb?stream_id=lb_fyz_1300&tag=live&ext=m3u8&sign=live_tv&platid=10&splatid=1009&format=letv&expect=1
程璧,http://live.g3proxy.lecloud.com/gslb?stream_id=lb_cb_1300&tag=live&ext=m3u8&sign=live_tv&platid=10&splatid=1009&format=letv&expect=1
谭晶★,http://live.g3proxy.lecloud.com/gslb?stream_id=lb_tanjing_1800&tag=live&ext=m3u8&sign=live_tv&platid=10&splatid=1009&format=letv&expect=1
张译,http://live.g3proxy.lecloud.com/gslb?stream_id=lb_zhangyi_1300&tag=live&ext=m3u8&sign=live_tv&platid=10&splatid=1009&format=letv&expect=1
金晨,http://live.g3proxy.lecloud.com/gslb?stream_id=lb_jinchen_1300&tag=live&ext=m3u8&sign=live_tv&platid=10&splatid=1009&format=letv&expect=1
陈珊妮,http://live.g3proxy.lecloud.com/gslb?stream_id=lb_musiclive2_1300&tag=live&ext=m3u8&sign=live_tv&platid=10&splatid=1009&format=letv&expect=1
钟立风,http://live.g3proxy.lecloud.com/gslb?stream_id=lb_musiclive17_1300&tag=live&ext=m3u8&sign=live_tv&platid=10&splatid=1009&format=letv&expect=1
苏阳,http://live.g3proxy.lecloud.com/gslb?stream_id=lb_musiclive18_1300&tag=live&ext=m3u8&sign=live_tv&platid=10&splatid=1009&format=letv&expect=1
沈腾★,http://live.g3proxy.lecloud.com/gslb?stream_id=lb_shenteng_1300&tag=live&ext=m3u8&sign=live_tv&platid=10&splatid=1009&format=letv&expect=1
马丽★,http://live.g3proxy.lecloud.com/gslb?stream_id=lb_mali_1300&tag=live&ext=m3u8&sign=live_tv&platid=10&splatid=1009&format=letv&expect=1
罗大佑,http://live.g3proxy.lecloud.com/gslb?stream_id=lb_musiclive20_1300&tag=live&ext=m3u8&sign=live_tv&platid=10&splatid=1009&format=letv&expect=1
冯绍峰,http://live.g3proxy.lecloud.com/gslb?stream_id=lb_fsf_1300&tag=live&ext=m3u8&sign=live_tv&platid=10&splatid=1009&format=letv&expect=1
赵咏华,http://live.g3proxy.lecloud.com/gslb?stream_id=lb_zyh_1300&tag=live&ext=m3u8&sign=live_tv&platid=10&splatid=1009&format=letv&expect=1
SNH48,http://live.g3proxy.lecloud.com/gslb?stream_id=lb_SNH48_1300&tag=live&ext=m3u8&sign=live_tv&platid=10&splatid=1009&format=letv&expect=1
AKB48,http://live.g3proxy.lecloud.com/gslb?stream_id=lb_AKB48_1300&tag=live&ext=m3u8&sign=live_tv&platid=10&splatid=1009&format=letv&expect=1
曾艳芬美少女,http://live.g3proxy.lecloud.com/gslb?stream_id=lb_zyf_1300&tag=live&ext=m3u8&sign=live_tv&platid=10&splatid=1009&format=letv&expect=1
李艺彤美少女,http://live.g3proxy.lecloud.com/gslb?stream_id=lb_lyt_1300&tag=live&ext=m3u8&sign=live_tv&platid=10&splatid=1009&format=letv&expect=1
鞠婧t美少女,http://live.g3proxy.lecloud.com/gslb?stream_id=lb_jjy_1300&tag=live&ext=m3u8&sign=live_tv&platid=10&splatid=1009&format=letv&expect=1
赵粤美少女,http://live.g3proxy.lecloud.com/gslb?stream_id=lb_zhaoyue_1300&tag=live&ext=m3u8&sign=live_tv&platid=10&splatid=1009&format=letv&expect=1
赵嘉敏美少女,http://live.g3proxy.lecloud.com/gslb?stream_id=lb_zjm_1300&tag=live&ext=m3u8&sign=live_tv&platid=10&splatid=1009&format=letv&expect=1
黄婷婷美少女,http://live.g3proxy.lecloud.com/gslb?stream_id=lb_htt_1300&tag=live&ext=m3u8&sign=live_tv&platid=10&splatid=1009&format=letv&expect=1
邱欣怡美少女,http://live.g3proxy.lecloud.com/gslb?stream_id=lb_qxy_1300&tag=live&ext=m3u8&sign=live_tv&platid=10&splatid=1009&format=letv&expect=1
少女时代HD,http://live.g3proxy.lecloud.com/gslb?stream_id=lb_snsd_1800&tag=live&ext=m3u8&sign=live_tv&platid=10&splatid=1009&format=letv&expect=1
体育资讯,http://live.g3proxy.lecloud.com/gslb?stream_id=lb_tyzx_1300&tag=live&ext=m3u8&sign=live_tv&platid=10&splatid=1009&format=letv&expect=1
完美游戏,http://live.g3proxy.lecloud.com/gslb?stream_id=lb_wmyx_1300&tag=live&ext=m3u8&sign=live_tv&platid=10&splatid=1009&format=letv&expect=1
体育,http://live.g3proxy.lecloud.com/gslb?stream_id=lb_sports_720p&tag=live&ext=m3u8&sign=live_tv&platid=10&splatid=1009&format=letv&expect=1
体育2,http://live.g3proxy.lecloud.com/gslb?stream_id=lb_tiyu2_1300&tag=live&ext=m3u8&sign=live_tv&platid=10&splatid=1009&format=letv&expect=1
体育+,http://live.g3proxy.lecloud.com/gslb?stream_id=lb_tyzx_1300&tag=live&ext=m3u8&sign=live_tv&platid=10&splatid=1009&format=letv&expect=1
高尔夫,http://live.g3proxy.lecloud.com/gslb?stream_id=lb_golf_1300&tag=live&ext=m3u8&sign=live_tv&platid=10&splatid=1009&format=letv&expect=1
高尔夫大满贯,http://live.g3proxy.lecloud.com/gslb?stream_id=lb_gefdmg_1800&tag=live&ext=m3u8&sign=live_tv&platid=10&splatid=1009&format=letv&expect=1
高尔夫欧巡赛,http://live.g3proxy.lecloud.com/gslb?stream_id=lb_gefoxs_1800&tag=live&ext=m3u8&sign=live_tv&platid=10&splatid=1009&format=letv&expect=1
高尔夫美巡赛,http://live.g3proxy.lecloud.com/gslb?stream_id=lb_gefmxs_1800&tag=live&ext=m3u8&sign=live_tv&platid=10&splatid=1009&format=letv&expect=1
羽毛球,http://live.g3proxy.lecloud.com/gslb?stream_id=lb_ymq_1800&tag=live&ext=m3u8&sign=live_tv&platid=10&splatid=1009&format=letv&expect=1
马术,http://live.g3proxy.lecloud.com/gslb?stream_id=lb_ms_1300&tag=live&ext=m3u8&sign=live_tv&platid=10&splatid=1009&format=letv&expect=1
游泳,http://live.g3proxy.lecloud.com/gslb?stream_id=lb_yy_1300&tag=live&ext=m3u8&sign=live_tv&platid=10&splatid=1009&format=letv&expect=1
帆船,http://live.g3proxy.lecloud.com/gslb?stream_id=lb_fc_1300&tag=live&ext=m3u8&sign=live_tv&platid=10&splatid=1009&format=letv&expect=1
橄榄球,http://live.g3proxy.lecloud.com/gslb?stream_id=lb_glq_1800&tag=live&ext=m3u8&sign=live_tv&platid=10&splatid=1009&format=letv&expect=1
台球,http://live.g3proxy.lecloud.com/gslb?stream_id=lb_taiqiu_1800&tag=live&ext=m3u8&sign=live_tv&platid=10&splatid=1009&format=letv&expect=1
网球,http://live.g3proxy.lecloud.com/gslb?stream_id=lb_wangqiu_1300&tag=live&ext=m3u8&sign=live_tv&platid=10&splatid=1009&format=letv&expect=1
篮球,http://live.g3proxy.lecloud.com/gslb?stream_id=lb_lanqiu_1300&tag=live&ext=m3u8&sign=live_tv&platid=10&splatid=1009&format=letv&expect=1
广厦篮球频道,http://live.g3proxy.lecloud.com/gslb?stream_id=lb_gslqpd_1300&tag=live&ext=m3u8&sign=live_tv&platid=10&splatid=1009&format=letv&expect=1
欧冠,http://live.g3proxy.lecloud.com/gslb?stream_id=lb_ouguan_1800&tag=live&ext=m3u8&sign=live_tv&platid=10&splatid=1009&format=letv&expect=1
足球,http://live.g3proxy.lecloud.com/gslb?stream_id=lb_zuqiu_1300&tag=live&ext=m3u8&sign=live_tv&platid=10&splatid=1009&format=letv&expect=1
亚洲足球,http://live.g3proxy.lecloud.com/gslb?stream_id=lb_yzzq_1300&tag=live&ext=m3u8&sign=live_tv&platid=10&splatid=1009&format=letv&expect=1
欧洲足球,http://live.g3proxy.lecloud.com/gslb?stream_id=lb_ozzq_1300&tag=live&ext=m3u8&sign=live_tv&platid=10&splatid=1009&format=letv&expect=1
国安,http://live.g3proxy.lecloud.com/gslb?stream_id=lb_guoan_1300&tag=live&ext=m3u8&sign=live_tv&platid=10&splatid=1009&format=letv&expect=1
西甲,http://live.g3proxy.lecloud.com/gslb?stream_id=lb_lb_xijia_1300&tag=live&ext=m3u8&sign=live_tv&platid=10&splatid=1009&format=letv&expect=1
德甲,http://live.g3proxy.lecloud.com/gslb?stream_id=lb_lb_dejia_1300&tag=live&ext=m3u8&sign=live_tv&platid=10&splatid=1009&format=letv&expect=1
意甲,http://live.g3proxy.lecloud.com/gslb?stream_id=lb_lb_yijia_1300&tag=live&ext=m3u8&sign=live_tv&platid=10&splatid=1009&format=letv&expect=1
英超,http://live.g3proxy.lecloud.com/gslb?stream_id=lb_lb_yingchao_1300&tag=live&ext=m3u8&sign=live_tv&platid=10&splatid=1009&format=letv&expect=1
法甲,http://live.g3proxy.lecloud.com/gslb?stream_id=lb_lb_fajia_1300&tag=live&ext=m3u8&sign=live_tv&platid=10&splatid=1009&format=letv&expect=1
赛车,http://live.g3proxy.lecloud.com/gslb?stream_id=lb_F1_1800&tag=live&ext=m3u8&sign=live_tv&platid=10&splatid=1009&format=letv&expect=1
自行车,http://live.g3proxy.lecloud.com/gslb?stream_id=lb_zixingche_1300&tag=live&ext=m3u8&sign=live_tv&platid=10&splatid=1009&format=letv&expect=1
跑步,http://live.g3proxy.lecloud.com/gslb?stream_id=lb_paobu_1300&tag=live&ext=m3u8&sign=live_tv&platid=10&splatid=1009&format=letv&expect=1
搏击,http://live.g3proxy.lecloud.com/gslb?stream_id=lb_boji_1300&tag=live&ext=m3u8&sign=live_tv&platid=10&splatid=1009&format=letv&expect=1
乐视游戏,http://live.g3proxy.lecloud.com/gslb?stream_id=lb_lsyx_1300&tag=live&ext=m3u8&sign=live_tv&platid=10&splatid=1009&format=letv&expect=1
乐视生态,http://live.g3proxy.lecloud.com/gslb?stream_id=lb_lsst_1300&tag=live&ext=m3u8&sign=live_tv&platid=10&splatid=1009&format=letv&expect=1
GTV游戏竞技,http://live.g3proxy.lecloud.com/gslb?stream_id=lb_GTVyxjj
电子竞技,http://live.g3proxy.lecloud.com/gslb?stream_id=lb_dzjj_1300&tag=live&ext=m3u8&sign=live_tv&platid=10&splatid=1009&format=letv&expect=1
极限运动,http://live.g3proxy.lecloud.com/gslb?stream_id=lb_jxyd_1300&tag=live&ext=m3u8&sign=live_tv&platid=10&splatid=1009&format=letv&expect=1
美洲杯,http://live.g3proxy.lecloud.com/gslb?stream_id=lb_mzb_1300&tag=live&ext=m3u8&sign=live_tv&platid=10&splatid=1009&format=letv&expect=1
女足世界杯,http://live.g3proxy.lecloud.com/gslb?stream_id=lb_nzsjb_1300&tag=live&ext=m3u8&sign=live_tv&platid=10&splatid=1009&format=letv&expect=1
江苏卫视高清1,http://live.g3proxy.lecloud.com/gslb?stream_id=jiangsuHD_1800&tag=live&ext=m3u8&sign=live_tv&platid=10&splatid=1009&format=letv&expect=1
北京卫视高清,http://live.g3proxy.lecloud.com/gslb?stream_id=bjwsHD_1800&tag=live&ext=m3u8&sign=live_tv&platid=10&splatid=1009&format=letv&expect=1
湖南卫视高清,http://live.g3proxy.lecloud.com/gslb?stream_id=ws_hunanwsHD_1300&tag=live&ext=m3u8&sign=live_tv&platid=10&splatid=1009&format=letv&expect=1
综合,http://live.g3proxy.lecloud.com/gslb?stream_id=lb_zonghe_1000&tag=live&ext=m3u8&sign=live_tv&platid=10&splatid=1009&format=letv&expect=1
北京卫视,http://live.g3proxy.lecloud.com/gslb?stream_id=bjws&tag=live&ext=m3u8&sign=live_tv&platid=10&splatid=1009&format=letv&expect=1
安徽卫视,http://live.g3proxy.lecloud.com/gslb?stream_id=anhui&tag=live&ext=m3u8&sign=live_tv&platid=10&splatid=1009&format=letv&expect=1
天津卫视,http://url.52itv.cn/vlive/letv/tianjin.m3u8
江苏卫视,http://live.g3proxy.lecloud.com/gslb?stream_id=jiangsu&tag=live&ext=m3u8&sign=live_tv&platid=10&splatid=1009&format=letv&expect=1
山西卫视,http://live.g3proxy.lecloud.com/gslb?stream_id=shanxi_350&tag=live&ext=m3u8&sign=live_tv&platid=10&splatid=1009&format=letv&expect=1
甘肃卫视,http://live.g3proxy.lecloud.com/gslb?stream_id=gansu&tag=live&ext=m3u8&sign=live_tv&platid=10&splatid=1009&format=letv&expect=1
东南卫视,http://live.g3proxy.lecloud.com/gslb?stream_id=dongnan&tag=live&ext=m3u8&sign=live_tv&platid=10&splatid=1009&format=letv&expect=1
湖北卫视,http://live.g3proxy.lecloud.com/gslb?stream_id=hubei&tag=live&ext=m3u8&sign=live_tv&platid=10&splatid=1009&format=letv&expect=1
云南卫视,http://live.g3proxy.lecloud.com/gslb?stream_id=yunnan&tag=live&ext=m3u8&sign=live_tv&platid=10&splatid=1009&format=letv&expect=1
黑龙江卫视,http://live.g3proxy.lecloud.com/gslb?stream_id=heilongjiang&tag=live&ext=m3u8&sign=live_tv&platid=10&splatid=1009&format=letv&expect=1
贵州卫视,http://live.g3proxy.lecloud.com/gslb?stream_id=guizhou&tag=live&ext=m3u8&sign=live_tv&platid=10&splatid=1009&format=letv&expect=1
广西卫视,http://live.g3proxy.lecloud.com/gslb?stream_id=guangxi&tag=live&ext=m3u8&sign=live_tv&platid=10&splatid=1009&format=letv&expect=1
河南卫视,http://live.g3proxy.lecloud.com/gslb?stream_id=henan&tag=live&ext=m3u8&sign=live_tv&platid=10&splatid=1009&format=letv&expect=1
旅游卫视,http://live.g3proxy.lecloud.com/gslb?stream_id=lvyou&tag=live&ext=m3u8&sign=live_tv&platid=10&splatid=1009&format=letv&expect=1
深圳卫视,http://live.g3proxy.lecloud.com/gslb?stream_id=shenzhen&tag=live&ext=m3u8&sign=live_tv&platid=10&splatid=1009&format=letv&expect=1
内蒙古卫视,http://live.g3proxy.lecloud.com/gslb?stream_id=neimenggu_350&tag=live&ext=m3u8&sign=live_tv&platid=10&splatid=1009&format=letv&expect=1  
新疆卫视,http://live.g3proxy.lecloud.com/gslb?stream_id=xinjiang_350&tag=live&ext=m3u8&sign=live_tv&platid=10&splatid=1009&format=letv&expect=1
陕西卫视,http://live.g3proxy.lecloud.com/gslb?stream_id=shanxi1&tag=live&ext=m3u8&sign=live_tv&platid=10&splatid=1009&format=letv&expect=1
重庆卫视,http://live.g3proxy.lecloud.com/gslb?stream_id=chongqing&tag=live&ext=m3u8&sign=live_tv&platid=10&splatid=1009&format=letv&expect=1
吉林卫视,http://live.g3proxy.lecloud.com/gslb?stream_id=jilin&tag=live&ext=m3u8&sign=live_tv&platid=10&splatid=1009&format=letv&expect=1
辽宁卫视,http://live.g3proxy.lecloud.com/gslb?stream_id=liaoning&tag=live&ext=m3u8&sign=live_tv&platid=10&splatid=1009&format=letv&expect=1
江西卫视,http://live.g3proxy.lecloud.com/gslb?stream_id=jiangxi&tag=live&ext=m3u8&sign=live_tv&platid=10&splatid=1009&format=letv&expect=1
青海卫视,http://live.g3proxy.lecloud.com/gslb?stream_id=qinghai&tag=live&ext=m3u8&sign=live_tv&platid=10&splatid=1009&format=letv&expect=1
炫动卡通,http://live.g3proxy.lecloud.com/gslb?stream_id=xdkt&tag=live&ext=m3u8&sign=live_tv&platid=10&splatid=1009&format=letv&expect=1
四川卫视,http://live.g3proxy.lecloud.com/gslb?stream_id=sichuan&tag=live&ext=m3u8&sign=live_tv&platid=10&splatid=1009&format=letv&expect=1
乐视电影,http://live.g3proxy.lecloud.com/gslb?stream_id=lb_movie_720p&tag=live&ext=m3u8&sign=live_tv&platid=10&splatid=1009&format=letv&expect=1
乐视1080P,http://live.g3proxy.lecloud.com/gslb?stream_id=lb_1080P_1080p3m&tag=live&ext=m3u8&sign=live_tv&platid=10&splatid=1009&format=letv&expect=1
乐视音乐,http://live.g3proxy.lecloud.com/gslb?stream_id=lb_music_350&tag=live&ext=m3u8&sign=live_tv&platid=10&splatid=1009&format=letv&expect=1
乐视电视剧,http://live.g3proxy.lecloud.com/gslb?stream_id=lb_tv_720p&tag=live&ext=m3u8&sign=live_tv&platid=10&splatid=1009&format=letv&expect=1
乐视动漫,http://live.g3proxy.lecloud.com/gslb?stream_id=lb_comic_720p&tag=live&ext=m3u8&sign=live_tv&platid=10&splatid=1009&format=letv&expect=1
科教.纪录片,http://live.g3proxy.lecloud.com/gslb?stream_id=lb_jilu_720p&tag=live&ext=m3u8&sign=live_tv&platid=10&splatid=1009&format=letv&expect=1
电影片花,http://live.g3proxy.lecloud.com/gslb?stream_id=lb_trailer_720p&tag=live&ext=m3u8&sign=live_tv&platid=10&splatid=1009&format=letv&expect=1
乐视综艺,http://live.g3proxy.lecloud.com/gslb?stream_id=lb_ent_720p&tag=live&ext=m3u8&sign=live_tv&platid=10&splatid=1009&format=letv&expect=1
乐视自制剧,http://live.g3proxy.lecloud.com/gslb?stream_id=lb_make_720p&tag=live&ext=m3u8&sign=live_tv&platid=10&splatid=1009&format=letv&expect=1
乐视韩剧,http://live.g3proxy.lecloud.com/gslb?stream_id=lb_koreatv_720p&tag=live&ext=m3u8&sign=live_tv&platid=10&splatid=1009&format=letv&expect=1
乐视甄执,http://live.g3proxy.lecloud.com/gslb?stream_id=lb_zhenhuan_720p&tag=live&ext=m3u8&sign=live_tv&platid=10&splatid=1009&format=letv&expect=1
乐视亲子,http://live.g3proxy.lecloud.com/gslb?stream_id=lb_qinzi_1300&tag=live&ext=m3u8&sign=live_tv&platid=10&splatid=1009&format=letv&expect=1
乐视演唱会,http://live.g3proxy.lecloud.com/gslb?stream_id=lb_concert_720p&tag=live&ext=m3u8&sign=live_tv&platid=10&splatid=1009&format=letv&expect=1
乐视娱乐,http://live.g3proxy.lecloud.com/gslb?stream_id=lb_yule_720p&tag=live&ext=m3u8&sign=live_tv&platid=10&splatid=1009&format=letv&expect=1
乐视MV,http://live.g3proxy.lecloud.com/gslb?stream_id=lb_mv_720p&tag=live&ext=m3u8&sign=live_tv&platid=10&splatid=1009&format=letv&expect=1
乐视风尚,http://live.g3proxy.lecloud.com/gslb?stream_id=lb_fengshang_720p&tag=live&ext=m3u8&sign=live_tv&platid=10&splatid=1009&format=letv&expect=1
古典音乐,http://live.g3proxy.lecloud.com/gslb?stream_id=lb_classical_720p&tag=live&ext=m3u8&sign=live_tv&platid=10&splatid=1009&format=letv&expect=1
乐视戏曲,http://live.g3proxy.lecloud.com/gslb?stream_id=lb_xiqu_720p&tag=live&ext=m3u8&sign=live_tv&platid=10&splatid=1009&format=letv&expect=1
我是歌手NEW,http://live.g3proxy.lecloud.com/gslb?stream_id=lb_imsinger_720p&tag=live&ext=m3u8&sign=live_tv&platid=10&splatid=1009&format=letv&expect=1
乐视垫播,http://live.g3proxy.lecloud.com/gslb?stream_id=lb_lssd_350&tag=live&ext=m3u8&sign=live_tv&platid=10&splatid=1009&format=letv&expect=1
乐视盛典,http://live.g3proxy.lecloud.com/gslb?stream_id=lb_lssd_1300&tag=live&ext=m3u8&sign=live_tv&platid=10&splatid=1009&format=letv&expect=1
乐视儿歌,http://live.g3proxy.lecloud.com/gslb?stream_id=lb_erge_720p&tag=live&ext=m3u8&sign=live_tv&platid=10&splatid=1009&format=letv&expect=1
动作电影,http://live.g3proxy.lecloud.com/gslb?stream_id=lb_dzdy_720p&tag=live&ext=m3u8&sign=live_tv&platid=10&splatid=1009&format=letv&expect=1
电影,http://live.g3proxy.lecloud.com/gslb?stream_id=lb_zpw_720p&tag=live&ext=m3u8&sign=live_tv&platid=10&splatid=1009&format=letv&expect=1
国际时装周,http://live.g3proxy.lecloud.com/gslb?stream_id=lb_shizhuang_720p&tag=live&ext=m3u8&sign=live_tv&platid=10&splatid=1009&format=letv&expect=1
